word,count
i,5434
have,1180
bought,181
sever,64
of,2588
the,6255
vital,1
can,563
dog,216
food,505
product,629
and,4415
found,177
them,903
all,592
to,3119
be,688
good,736
qualiti,128
look,211
more,397
like,937
a,3865
stew,5
than,411
process,32
meat,49
it,2984
smell,55
better,251
my,1366
labrador,1
is,2258
finicki,7
she,151
appreci,10
thi,1913
most,144
<end>,2000
arriv,82
label,44
as,924
jumbo,2
salt,274
peanut,60
were,422
actual,102
small,112
size,143
unsalt,10
not,1103
sure,106
if,539
wa,964
an,279
error,2
or,569
vendor,12
intend,3
repres,2
confect,2
that,1254
ha,371
been,208
around,70
few,109
centuri,1
light,55
pillowi,1
citru,6
gelatin,3
with,1126
nut,50
in,1796
case,119
filbert,1
cut,60
into,84
tini,31
squar,5
then,167
liber,1
coat,35
powder,90
sugar,232
mouth,60
heaven,7
too,342
chewi,15
veri,577
flavor,982
highli,83
recommend,197
yummi,29
treat,103
you,1273
are,1504
familiar,5
stori,5
c,23
s,937
lewi,1
lion,2
witch,2
wardrob,2
seduc,1
edmund,1
sell,40
out,360
hi,80
brother,11
sister,9
for,1824
secret,6
ingredi,143
robitussin,1
believ,54
got,126
addit,42
root,8
beer,31
extract,39
order,388
which,269
made,148
some,326
cherri,26
soda,23
medicin,9
great,633
taffi,9
at,590
price,303
there,294
wide,10
assort,14
deliveri,33
quick,45
your,259
lover,23
deal,83
wild,6
hair,5
five,17
pound,49
bag,630
enjoy,165
mani,160
watermelon,7
melon,1
peppermint,5
grape,9
etc,34
onli,345
complaint,21
bit,150
much,317
red,43
black,53
licoric,50
piec,43
just,543
particular,16
favorit,208
between,22
me,375
kid,65
husband,74
last,92
two,131
week,65
would,353
brand,266
delight,19
saltwat,1
had,445
soft,31
each,106
candi,66
individu,36
wrap,28
well,208
none,22
stuck,17
togeth,28
did,134
happen,25
expens,73
version,37
fraling,1
serv,124
beach,4
theme,10
parti,28
everyon,59
love,671
so,845
amaz,62
definit,114
buy,374
satisfi,47
right,111
now,212
m,241
mostli,21
sprout,3
cat,99
eat,386
grass,4
they,1331
rotat,2
wheatgrass,1
rye,1
healthi,120
their,214
digest,23
also,291
puppi,18
her,116
requir,15
amount,81
everi,119
feed,41
don,316
t,946
know,168
cactu,2
tequila,5
uniqu,28
combin,34
but,1178
flavour,23
hot,130
sauc,102
make,380
one,590
kind,68
we,523
pick,35
up,268
bottl,69
onc,59
on,875
trip,22
brought,19
back,86
home,65
us,58
total,39
blown,2
away,77
when,390
realiz,27
simpli,25
couldn,51
find,265
anywher,18
our,199
citi,6
bum,4
br,2137
becaus,284
magic,5
internet,9
ecstat,2
mean,46
realli,340
want,198
tastelessli,2
burn,26
throat,3
grab,17
picant,2
gourmet,25
de,5
inclan,2
tast,820
will,431
never,122
use,542
ani,210
other,439
thank,98
person,51
incred,18
servic,38
boy,11
need,133
lose,17
weight,72
didn,108
put,99
floor,3
chubbi,2
guy,17
protein,46
rich,35
no,349
by,258
higher,26
where,72
skinni,4
jump,4
sit,19
go,236
stale,28
both,88
about,350
ounc,56
happili,2
felida,12
platinum,3
year,180
new,67
shape,25
differ,137
tri,567
first,184
bowl,22
full,66
kitti,4
touch,15
ve,253
notic,40
similar,32
review,156
relat,4
formula,39
chang,58
past,39
unfortun,38
these,1197
came,85
secur,7
pack,249
fresh,134
delici,160
twizzler,13
strawberri,32
guilti,7
pleasur,7
six,22
while,98
son,61
daughter,49
shipment,25
hit,29
spot,14
exactli,31
what,241
expect,84
packag,189
watch,27
tv,3
movi,3
sweet,182
transfer,3
zip,7
lock,7
baggi,2
stay,45
take,118
time,326
am,262
purchas,208
share,44
childhood,5
lancast,1
pennsylvania,1
y,11
inc,7
oldest,5
confectioneri,2
firm,7
unit,18
state,30
subsidiari,1
hershey,6
compani,73
establish,1
1845,1
young,6
smyli,1
appl,40
twist,11
green,63
color,72
blue,14
raspberri,6
keep,111
dri,88
cool,12
place,42
fridg,19
accord,7
guin,2
book,15
record,4
longest,1
ever,130
measur,12
1,165
200,3
feet,3
370,1
100,80
45,4
kg,1
break,21
becam,13
world,23
juli,3
19,6
1998,1
kosher,7
deliv,36
fast,49
reason,59
bound,2
unabl,9
get,384
store,251
perfect,125
addict,46
from,457
amazon,366
re,181
govern,1
employe,4
live,60
oversea,2
countri,14
assign,1
alway,99
tasti,131
manner,4
who,144
current,14
he,190
appar,6
staff,4
gener,24
16,22
worth,60
href,42
http,44
www,44
com,74
gp,43
b001gvisjm,2
6,102
rememb,24
hasn,4
drop,10
still,137
superb,10
won,69
disappoint,93
after,207
watcher,31
crave,33
over,151
7,40
yr,10
miss,31
visit,18
someon,28
stock,34
say,173
yum,17
mexico,1
faith,1
buyer,7
often,30
abl,52
receiv,82
advertis,23
plan,36
again,211
glad,45
carri,47
batteri,1
hard,110
elsewher,9
such,60
garag,2
door,16
open,126
mum,1
diabet,10
intak,17
father,9
choos,13
limit,19
unnecessari,3
tooth,8
toffe,1
guess,30
free,136
pretti,102
guilt,16
impress,25
myself,42
w,14
dark,29
chocol,135
offic,20
ll,101
instead,63
snack,202
sugari,7
excel,93
huge,24
coffe,236
fan,52
howev,98
mother,20
littl,233
machin,11
talk,11
latt,6
macciato,1
shop,36
usual,73
non,35
drinker,5
dolch,1
guesto,1
super,40
easi,115
prepar,35
cappuccino,1
less,111
minut,53
water,116
heat,33
dolc,1
gusto,1
anyon,47
offer,35
staral,1
mccann,21
instant,42
oatmeal,41
must,44
scrape,1
three,40
escap,2
fact,66
even,230
best,297
nowher,4
near,12
stovetop,1
organ,152
natur,129
varieti,146
microwav,25
ad,75
boil,7
conveni,42
extrem,29
issu,49
cane,14
high,106
fructos,11
corn,55
syrup,45
help,76
decid,58
real,74
harm,5
stuff,92
thing,166
do,268
though,97
thicken,6
oat,21
plu,55
should,61
creami,11
without,142
guar,3
gum,16
mayb,50
whi,62
becom,27
thick,40
gluey,3
fructous,1
doe,100
doctor,7
form,27
cold,32
morn,39
steel,4
cinnamon,28
mapl,18
brown,58
regular,132
tell,35
apart,10
soggi,2
hold,24
textur,96
same,109
meal,73
may,77
longer,44
eaten,35
close,26
second,43
irish,8
10,64
count,23
box,235
thought,89
d,103
give,156
hardi,2
folk,10
post,10
bariatr,1
surgeri,3
palat,12
easili,34
fiber,31
bloat,3
those,105
celiac,11
diseas,10
lifesav,2
could,155
almost,89
half,77
groceri,91
health,56
abbi,1
els,45
cup,115
low,108
fat,154
milk,68
add,113
raisin,9
nuke,1
90,7
kroger,5
tastier,9
someth,112
mmm,3
friend,90
nate,2
storag,3
room,10
packet,37
suggest,27
own,59
stash,6
sometim,35
dose,2
chanc,20
end,50
cinn,1
tasteful,1
goe,37
o,15
j,4
slice,21
toast,12
readi,18
day,157
least,58
jerri,2
reith,1
wife,18
reccomend,3
happi,80
b001eo5qw8,1
0,27
30,21
cent,12
per,97
understand,10
earth,30
isn,49
terrif,13
follow,32
tire,19
ole,3
pot,9
empti,11
2,211
pour,17
expand,4
2x,1
cheap,33
connoisseur,1
whether,5
raw,55
pellet,1
cook,117
hour,24
sloth,1
addl,1
done,25
under,24
beauti,17
avail,60
allow,18
explor,4
experi,37
known,12
thicker,12
bodi,31
top,62
here,93
america,5
tend,12
liquidi,1
1300watt,1
twenti,3
seven,3
handl,5
how,149
bad,118
consid,30
lot,123
ten,8
whole,112
famili,96
eater,16
singl,63
alon,15
save,85
3,134
00,25
choic,46
overli,14
breakfast,35
anyth,72
regularli,7
seem,116
wholesom,4
supermarket,20
somewhat,23
mushi,9
doesn,71
quit,60
either,54
pass,11
muster,1
probabl,68
wouldn,36
direct,12
sinc,148
come,133
soupi,1
see,80
differc,1
oaker,1
fine,38
ok,43
big,90
noth,51
carb,35
money,71
quaker,3
way,151
bloodi,4
mari,3
mix,178
seller,23
work,119
lol,8
buddi,3
im,9
yet,34
forev,10
nice,136
temp,2
wasn,35
vermont,4
weston,2
along,28
jaw,2
harp,2
cranberri,5
horseradish,2
fartless,1
bean,64
salsa,37
cider,3
jelli,13
newton,2
cradl,1
art,4
motion,2
stapl,6
ass,3
kickin,2
activ,9
perspir,1
gland,2
behind,8
ear,8
arm,5
beverag,16
glass,23
kleenex,1
nose,4
run,40
ordinari,3
alreadi,23
idea,33
suspect,6
peopl,83
goodi,3
absenc,2
especi,64
colleagu,1
greg,2
earliest,1
opportun,6
content,31
planter,1
whose,8
cri,4
return,25
shaken,1
ensur,6
spice,55
evenli,2
distribut,6
import,16
wash,11
hand,56
consumpt,6
eye,12
p,10
deliber,1
christma,32
insult,1
spici,111
down,79
south,6
texa,4
doubt,11
habanero,6
notch,4
roast,29
stove,4
popcorn,7
popper,1
outsid,17
cours,31
mexican,2
altura,1
suit,4
method,7
crack,10
distinct,8
medium,10
slightli,35
result,28
aroma,20
strong,76
persist,2
smooth,32
velveti,1
larg,56
cast,2
iron,14
pan,9
grill,8
wonder,119
importantli,5
bitter,47
aftertast,32
numer,6
occas,7
send,20
awesom,46
befor,131
halloween,5
indic,3
enough,120
trick,13
treater,1
local,128
everyth,53
kit,6
kat,1
rees,1
plenti,19
ship,159
promptli,7
neighborhood,4
sent,18
class,8
gold,23
4,137
target,16
onlin,44
cheaper,56
compet,4
endurolyt,3
pill,1
long,103
desert,3
ride,9
dirt,2
bike,3
camelbak,3
heavili,8
lace,6
effect,27
cramp,5
hundr,5
mile,6
race,1
buggi,1
fizz,3
firstli,2
hammer,4
endur,1
athlet,1
handli,1
tablet,4
dissovl,1
third,7
imagin,14
drink,145
starv,1
hydrat,5
electrolyt,7
rather,39
salti,106
refresh,11
lemon,20
lime,12
mango,10
whenev,11
exercis,4
chock,1
cannot,33
sourc,16
dure,28
grapefruit,1
slight,7
carbon,2
line,44
prevent,6
middl,16
latter,2
stage,6
pop,82
set,18
diet,72
ago,47
start,76
cycl,1
heart,14
arrhythmia,1
plain,54
research,11
might,64
gatorad,8
option,32
load,13
carbohydr,8
altern,66
zero,11
sport,4
ran,6
across,10
tube,2
voila,1
problem,87
solv,2
leg,3
resolv,5
superbl,1
formul,1
hint,17
consum,30
variou,11
nutrit,35
decad,3
appeal,2
terribl,25
sip,4
impuls,1
wrong,36
babi,78
retrospect,1
ridicul,11
esp,4
sooooo,3
delisci,1
ate,27
em,10
gain,7
pd,1
fault,7
albanes,1
gummi,13
bear,14
ring,7
face,8
type,55
snake,1
ball,12
worm,2
whatev,17
lb,17
twin,9
5,147
scream,3
far,88
concern,15
50,33
deep,11
friggin,1
area,17
think,167
lie,4
10lb,2
bigger,16
sour,64
kick,32
anoth,68
opinion,19
popsicl,2
softer,5
frozen,16
latic,1
tart,21
directli,12
fantasicak,2
websit,20
dinner,40
host,3
intact,5
froze,1
later,18
pastri,5
jam,6
gone,29
guest,9
bewar,8
pleas,68
sweeten,56
everybodi,6
maltitol,6
alcohol,8
undigest,1
short,15
unsuspect,3
intestin,2
massiv,1
ga,14
nausea,1
diarrhea,5
headach,5
experienc,13
learn,19
lesson,2
fell,13
suzann,1
sommer,1
nirvana,2
bliss,1
side,63
discomfort,1
unlik,21
felt,16
blew,2
balloon,1
pain,15
abdomin,1
symptom,5
unpleas,3
calori,176
culprit,1
stop,51
hunch,1
confirm,3
market,55
possibl,21
sugarfre,2
sank,1
asterisk,1
next,44
bottom,43
read,56
letter,3
shorter,1
durat,1
reaction,10
okay,20
tea,371
brunch,1
artifi,1
wast,38
20,29
buck,12
through,82
trail,3
solid,8
mass,7
melt,35
left,27
pantri,6
temperatur,7
gooey,6
off,123
hunk,1
graini,2
solidifi,1
agre,25
regard,6
summer,23
insul,2
ice,72
warm,12
weather,11
item,98
berri,18
winter,6
grant,7
crisp,34
stick,42
fun,27
dad,11
girl,13
gift,54
age,18
giant,4
recipi,3
kept,10
titl,7
molecular,2
gastronomi,1
let,48
scare,3
scienc,1
creamer,23
blond,1
honestli,15
hate,33
manufactur,21
cream,83
stumbl,3
lowfat,2
sweeter,8
fresher,6
dissolv,7
play,9
ratio,12
heavi,18
bough,1
cocoa,15
vanilla,31
caster,1
superfin,1
batch,16
nutmeg,1
fake,4
sweetner,9
canning,2
jar,51
chopper,1
processor,2
blend,48
heavier,3
sink,2
settl,4
storebought,1
essenti,9
oil,107
orang,12
mention,19
housewarm,1
ess,1
main,16
itch,5
increas,15
lamb,8
rice,77
itchi,1
duck,6
potato,302
significantli,3
balanc,41
given,32
boston,1
violent,1
bed,5
night,15
scratch,12
soon,31
until,47
pet,18
specif,16
allergi,36
him,54
tummi,3
ton,9
environment,5
prescript,3
test,14
allerg,13
final,29
trigger,4
caus,24
shepherd,5
colli,1
ib,1
vet,17
recip,49
jack,5
russel,5
aw,23
hope,47
normal,48
wet,10
bichon,3
stomach,18
breed,8
Ã®t,1
poop,2
consist,44
mom,13
ask,30
standard,14
poodl,4
pomeranian,1
switch,32
due,27
coupl,38
old,103
hardli,7
sick,6
prime,21
golden,10
retriev,4
picki,13
met,7
multipl,14
furthermor,1
bore,5
figur,22
fish,20
petco,4
surpris,43
stamp,1
approv,5
grain,25
haven,38
kibbl,13
larger,29
smaller,33
basenji,1
healthier,58
energet,2
earlier,3
despit,12
cost,54
wherea,2
account,6
bang,2
happier,7
boot,7
sold,24
pup,4
hotspot,1
crazi,20
preserv,15
reduc,20
messag,3
ramsey,1
frankenstein,1
english,9
bulldog,2
skin,14
wean,4
previou,9
owner,9
gave,51
iam,8
onto,2
sensit,13
commonli,3
commerci,12
chicken,57
beef,7
fed,9
thee,3
draw,2
thaw,4
parent,3
accept,5
refund,10
crust,8
hubbi,7
fill,52
absolut,57
scrumptuou,1
custom,32
tartlet,1
themselv,20
pie,6
dice,6
creme,8
brule,1
sprinkl,8
broil,1
went,42
took,41
term,16
reput,1
pickl,8
asparagu,11
amish,2
bite,36
henc,3
saw,23
discount,13
rack,3
safeway,3
clean,37
fantast,35
bonu,7
clove,3
garlic,50
household,5
wont,9
recent,50
oh,20
introduc,20
exact,5
gonna,4
present,14
dozen,6
discov,31
tillen,2
farm,39
crispi,31
anyway,25
recal,5
forward,12
front,8
60,5
gari,1
peterson,1
diappoint,2
throughout,10
royal,6
king,2
x,6
2g,9
12,55
till,4
improv,12
replac,23
habit,8
benefit,15
coff,2
bright,9
bee,6
honey,55
tribut,1
xi,1
hu,1
jing,1
practic,8
although,42
afford,18
con,10
latest,2
shown,9
page,10
display,6
polyphenol,2
catechin,2
key,4
contribut,4
element,2
caffen,2
rip,10
unwrap,3
string,6
unstick,1
charg,15
merchant,4
depend,10
fix,9
everyday,12
curb,3
italian,5
itali,7
cooki,65
espresso,5
bay,2
1980,2
spent,5
biscotti,12
mid,10
simpl,13
note,25
dip,39
macin,1
routin,3
heard,19
respect,2
femal,3
younger,3
older,10
male,5
junk,16
refus,4
overweight,5
request,3
posh,1
fatti,6
felin,2
anim,18
lousi,1
show,19
vegetarian,6
tune,2
updat,12
9,35
month,107
upgrad,2
star,75
garfield,2
agil,1
holist,10
select,23
seemd,1
sardin,3
spunk,1
garbag,11
million,3
8,48
kitten,3
sooo,4
mainli,3
veterinarian,2
probiot,2
step,8
immedi,24
13,11
cleo,1
troubl,11
loos,24
justifi,3
aid,7
sorri,10
ya,3
benifit,1
chronic,2
urinari,3
tract,4
infect,6
uri,1
eas,5
uti,2
control,27
wors,15
solut,3
educ,1
wish,64
premium,11
15,38
innova,3
procter,1
gambl,2
began,7
sampl,19
prefer,61
part,38
clear,30
rude,2
delic,6
odor,5
mcdonald,2
obviou,6
shini,7
fur,6
neither,6
tartar,2
buildup,1
teeth,15
thrive,3
throw,22
fit,25
supplier,5
maruchan,2
ramen,16
36,2
walmart,13
noodl,56
chilihead,1
badli,2
sensat,3
28,2
decent,20
situat,7
wuss,1
soup,38
fire,2
typic,13
kill,5
broth,6
opposit,4
aren,36
bother,7
sale,30
roughli,5
25,16
rare,16
constantli,7
crunch,57
lunch,56
allot,2
anymor,23
bland,22
comparison,11
pay,39
invest,2
ginger,52
unbeliev,4
fibrou,2
calm,1
40,12
5lb,7
topper,1
cupcak,3
australian,2
compar,43
favor,18
travel,8
stupid,2
soooo,4
tender,6
moist,14
acid,22
reflux,3
birth,1
medic,4
gentleman,1
told,23
automat,4
1000,1
heartburn,1
god,8
easier,19
entir,31
broke,4
h,1
bare,5
infact,1
subscrib,38
messi,5
children,13
chew,23
sticki,9
gross,11
car,13
flavo,1
mistaken,2
appear,16
doubtlessli,1
certain,4
match,5
newman,8
pineappl,15
chunki,2
mild,18
steal,5
packer,1
stuf,10
therefor,5
broken,38
reach,4
comput,3
tag,2
lift,4
proud,6
contact,10
emerg,2
styrofoam,4
cardboard,8
stripe,3
bubbl,13
matter,14
carrier,1
ex,1
care,58
somewher,7
contain,91
barbara,1
l,4
remind,21
pumpkin,2
finac,1
cornmeal,1
cornbread,3
outstand,6
fri,40
oyster,1
flovor,2
fabul,10
marinad,12
bake,119
oven,18
flair,1
rave,14
pork,9
bulk,21
jorg,1
cruis,2
24,43
99,11
hazelnut,2
truli,21
dessert,17
jello,6
definitent,1
tomato,41
evid,1
harvest,4
fall,17
town,12
healthiest,3
iodiz,1
sea,54
rais,9
blood,14
pressur,6
tabl,8
picnic,1
basket,16
shake,10
clump,7
flow,1
freeli,1
span,4
length,7
26,3
min,8
expir,18
date,51
21,4
tuna,12
edit,7
video,1
wear,3
headlamp,1
job,11
focus,1
film,1
view,3
safcol,2
pouch,7
starkist,1
season,53
kist,1
pace,2
pleasant,10
basil,16
shot,29
punch,8
dress,23
micro,1
power,19
shazam,1
bring,24
serious,14
tasteless,7
special,23
k,21
bar,54
pomegran,4
molass,7
wow,27
syrupi,2
dab,1
forget,10
metal,5
underton,2
fesenjan,1
moroccan,1
brilliant,1
swirl,2
soak,10
sat,4
shelf,12
damag,17
sign,9
fifti,2
besid,7
runt,3
banana,14
nor,15
yucki,7
head,8
alot,14
envelop,4
giveaway,1
shower,5
jungl,1
drunk,3
ricor,2
caffein,25
smoother,5
french,14
savora,1
hidden,3
gem,3
check,23
brittani,1
franc,1
wait,21
8243,2
cake,70
egg,52
madagascar,1
bourbon,2
streusel,1
18,6
95,6
fair,25
condit,17
tub,3
white,64
drizzl,1
itself,17
spong,3
die,8
insid,28
pair,11
grow,16
juic,51
aliv,17
feel,79
stronger,8
name,36
hey,8
unless,22
chug,1
recur,2
lemo,1
supplement,10
kitchen,16
continu,31
round,11
zest,2
dish,39
spritz,1
nearli,16
concentr,11
handi,7
squeez,6
everytim,2
nevermind,1
begin,7
odd,11
perhap,14
relax,7
nap,4
bedtim,2
drive,7
perform,4
tingl,1
droopi,1
outlet,1
seattl,2
tacoma,1
twelev,1
38,5
ye,28
dollar,26
whack,1
describ,15
sleep,7
overload,4
stress,6
busi,15
schedul,2
yoga,1
asleep,2
drank,2
woke,1
sleepi,3
drug,2
hangov,1
deserv,11
margin,2
loss,5
layer,9
extra,40
move,13
fail,4
chip,1184
brm,1
garbanzo,4
flour,40
mask,3
discern,3
classic,19
ccc,3
elast,1
tendenc,1
occur,1
gluten,45
level,21
calcul,6
g,11
glycem,8
index,4
lower,21
bread,17
lowest,4
hunt,5
aisl,3
glaze,11
european,7
style,26
fruit,67
auction,2
church,1
rel,7
base,35
uncook,2
harden,2
arrang,1
seen,26
cheesecak,6
gorgeou,2
admit,11
springform,2
remov,11
thin,20
gentli,2
poach,1
shallow,2
pate,3
sucr,2
flute,1
straight,10
mini,10
muffin,17
pre,8
mold,5
substanti,4
crumb,14
blind,2
tin,18
patisseri,1
custard,12
stabil,1
below,6
vegan,6
tapioca,3
starch,8
carrageenan,2
dextros,2
locust,2
tofu,5
scotti,1
within,22
kinda,4
tolerablel,1
ganocaf,2
reishi,1
mushroom,7
antioxid,4
alright,2
nescaf,1
mount,1
hagen,1
vitamini,1
overwhelm,14
pricey,16
pesticid,3
worri,16
heal,1
ganoderma,1
africaf,1
pure,25
energi,67
jitter,3
sort,25
reseal,5
plastic,51
awhil,5
salad,30
breath,11
suffici,3
smelli,1
bacteria,1
valu,37
mint,32
cheer,2
altoid,7
costli,4
mine,24
perfict,1
cari,1
safer,2
twelv,3
reson,1
youll,1
pro,5
wintergreen,7
powderi,4
chemic,30
lax,2
lololol,1
pocket,6
purs,5
suppli,8
spare,1
11,11
exot,3
cereal,47
ploy,1
factori,4
transport,2
honest,5
advil,1
desk,9
suitcas,1
disguis,2
valuabl,2
law,6
walgreen,1
visitor,1
meet,11
co,9
worker,10
pillbox,1
safeti,2
pin,1
said,57
theyr,1
counterpart,1
irrit,4
freshen,3
portabl,5
compact,1
write,18
hue,1
scent,7
common,10
cross,7
turn,31
pull,14
cute,17
minti,5
weaker,1
dragon,2
four,22
point,42
icebreak,1
frost,27
purina,6
nutro,3
affection,1
instruct,13
senior,6
catti,1
evinc,1
litter,4
stink,2
barf,2
swallow,3
speak,3
bearabl,1
appropri,4
kicker,1
demeanor,1
lush,2
attribut,2
loyal,2
lessen,1
grouchi,1
tempera,1
clearli,9
youngest,4
eleven,1
fifteen,3
ancient,2
blob,2
lay,44
footstool,1
arthrit,1
success,10
canida,5
ash,1
ut,1
buster,2
prissi,1
teas,1
chase,1
fairli,13
earli,9
glucosamin,1
certainli,26
life,29
slowli,12
shift,1
percentag,5
nation,4
mess,25
reviewd,2
prior,2
lost,12
upset,3
envior,1
loud,2
nois,1
noitc,1
bug,3
knowledg,2
yell,1
chow,3
suffer,4
sensitv,1
thier,1
rescu,3
death,3
urg,6
affair,2
fda,5
affect,7
horribl,21
anchovi,1
oliv,32
un,3
subtl,14
brine,4
chees,51
appet,2
descript,20
360,1
gram,22
approxim,6
wimpi,2
sweat,1
edibl,16
dollop,1
milder,5
mccormick,1
fajita,4
restaur,20
mind,19
versatil,3
vari,3
veggi,24
tb,2
veget,46
strip,3
marin,2
meantim,1
stir,10
pepper,92
onion,48
virgin,2
chop,10
80,9
84,1
retail,10
earl,11
grey,13
lapsang,2
souchong,2
assam,3
asid,2
rest,29
charact,7
afternoon,12
jade,1
snob,3
discourag,3
search,20
bill,7
e,11
vs,8
herbal,16
imperi,3
impli,1
herb,32
chines,6
peoni,1
ahmad,11
particularli,13
complex,8
overpow,20
darjeerl,1
complet,27
bergamot,4
finish,24
interest,17
teaspoon,7
stainless,1
infus,5
oz,51
mug,7
steep,14
208f,1
savor,13
sophist,1
liter,13
russian,2
equal,20
rapidli,1
samovar,1
destroy,2
saut,2
ontop,2
slimi,2
snow,2
pea,11
carrot,23
dont,12
flake,15
30min,1
mixer,2
worst,17
rock,16
and1,1
v8,1
caesar,2
clamato,1
aim,1
hook,17
silki,2
reccommend,1
paid,23
chunk,5
cash,2
slim,3
hcg,1
wu,2
yi,1
includ,47
li,1
cliff,1
oolong,6
700,1
mg,9
600,2
proprietari,2
ginseng,2
panax,1
peel,5
guarana,1
natual,1
goal,2
citron,1
falksalt,1
juici,2
artifici,33
pledg,1
furnitur,1
polish,3
yourself,28
grate,5
crystal,8
lemoni,1
cheddar,50
flat,15
cracker,21
except,27
mislead,6
photo,5
flatbread,2
width,1
tray,10
leav,43
biodegrad,3
eco,4
friendli,5
ecofriendli,1
sesam,5
tarragon,2
ultim,5
nutrient,7
oppos,7
filler,8
train,14
champion,1
eukanuba,1
obtain,3
wag,3
lhasa,2
foul,2
lap,2
somehow,5
respons,8
speed,2
blame,2
gluttoni,1
eventu,5
fart,2
undoubtedli,1
necessari,1
advis,3
yeah,5
mo,2
puppychow,1
human,9
floral,2
tone,2
remain,10
pud,16
ceylon,1
neg,8
2009,3
list,41
confus,7
weigh,6
500,3
17,8
buisi,1
bodum,1
press,13
looseleaf,1
eith,1
linger,9
metropolitan,1
eastern,2
unremark,1
robust,3
reddish,3
freshli,2
characterist,2
brew,23
weak,8
lipton,3
outfit,1
assembl,2
sampler,20
narrow,2
rang,10
answer,4
question,6
via,5
email,6
kup,1
toss,13
random,1
decaf,19
bold,5
cant,7
def,4
daili,23
basi,6
healti,2
plack,1
8oz,9
blueberri,13
instantli,4
tsp,7
smoothi,5
econom,9
overrip,1
thrown,6
unbak,1
excit,21
superfood,1
omaha,19
steak,17
partli,1
tentacl,1
bitten,1
durabl,1
toy,3
boost,9
imo,2
fade,2
workout,1
guayaki,7
yerba,3
mate,4
toxic,3
booster,1
nasti,14
chem,1
judg,4
react,5
energ,3
starbuck,10
avoid,17
dosag,1
150,6
ml,3
b,20
nervous,1
mood,4
swing,1
overdos,2
safe,14
bunch,8
fatten,6
sluggish,2
valley,4
butter,24
almond,18
pecan,4
defin,8
gallon,11
reek,1
rubber,3
gasket,1
lid,10
call,43
report,10
sabrina,1
lab,3
faulti,1
period,7
lack,20
ownership,2
crayola,1
crayon,2
coconut,38
purpos,11
upon,13
permeat,1
barlean,1
dr,8
mercola,1
categori,4
grind,3
filet,1
meatloaf,2
meatbal,2
wheat,24
llasa,1
tibetan,1
terrier,4
ador,7
wk,1
beagl,1
rio,1
beat,29
further,4
lighter,5
4th,4
enhanc,8
hotlin,1
complain,14
crop,6
claim,10
newer,3
digit,2
code,5
space,3
julian,1
calendar,1
initi,9
sequenc,1
number,12
51a,1
tm,1
hc,1
dear,2
environ,3
field,2
maui,2
co2,1
worsen,1
climat,2
smoke,9
lung,3
resid,1
global,1
muscavado,1
turbinado,2
caramel,29
shame,7
produc,20
u,12
spit,4
liabl,1
profil,1
suppos,15
granul,6
refin,4
difficult,23
finer,1
miner,4
cheapest,3
scott,1
par,3
wise,10
paper,17
torn,3
spill,5
unnatur,4
faster,3
effici,5
ignor,2
comment,9
flower,15
binder,2
sunchip,2
spous,1
downhil,1
twice,15
borderlin,1
thumb,4
occass,1
79,2
pkg,1
today,17
decept,5
masa,1
rotel,3
hurri,4
weird,13
spagehetti,1
dump,4
chili,6
indian,3
spicey,1
spaghetti,3
quesadilla,2
drain,1
liquid,26
inflat,1
attent,5
compair,1
dissapoint,9
howdi,1
rate,16
eight,2
sigh,1
approach,2
lee,1
comfort,4
tostito,1
southwestern,1
readili,8
greatest,3
150mg,1
equival,4
bull,3
monster,2
stand,19
sucralos,3
substitut,28
9g,3
16oz,1
overal,29
steaz,10
moder,12
creat,10
strength,3
jitteri,3
headachi,1
skeptic,5
fig,1
yike,1
junki,1
sambazon,1
acai,9
burst,3
withdraw,1
afterward,9
gastric,1
bypass,1
splenda,5
bazi,1
coca,1
cola,1
road,4
cooler,7
turnpik,2
split,3
wake,2
sinthet,1
provid,17
desir,6
drinkabl,1
late,6
softwar,1
engin,2
unaccept,1
ladi,3
counter,6
excitedli,1
suspici,2
brain,5
summar,1
explain,5
woot,1
chaser,1
coke,2
aspartam,4
yay,3
rain,4
reassur,1
uplift,1
fruiti,3
rush,2
slow,6
fibromyalgia,1
sap,1
intens,6
fatigu,1
fog,1
separ,7
thrill,4
hah,1
otr,1
truck,3
alert,2
crash,3
autoship,1
gitteri,1
subscib,1
membership,1
everywher,7
steadi,2
stream,1
portion,39
act,6
appetit,5
suppress,1
heinou,1
misl,1
hr,1
gag,5
pinch,5
tic,9
tac,9
rid,5
yawn,1
drowsi,1
cough,2
sucker,3
birthday,18
salvag,1
tootsi,4
roll,19
absorb,6
couscou,6
oiliv,1
bud,9
minc,3
parsley,7
cilantro,14
isra,1
upsacal,1
luck,7
pasta,47
cover,23
5min,1
hous,25
ground,7
grinder,2
blender,3
manag,7
fond,6
turtl,2
sunda,2
brainer,3
scoff,1
suprema,1
ranchera,2
similarli,3
victoria,4
duller,2
earthi,2
brighter,2
hotter,4
resembl,4
tabasco,3
exampl,7
drawback,5
la,6
sam,1
club,4
meant,3
swiss,2
chalet,1
frequent,3
asian,15
mildli,5
tradit,14
marzipan,1
ahol,2
quickli,23
stuffer,4
user,4
taken,7
major,13
cancel,5
posit,14
leak,6
intern,4
thinner,4
coffeem,1
sloppi,2
dispens,3
tightli,2
inner,3
thu,8
drippi,1
bathroom,4
keurig,12
reserv,1
whichev,1
deter,1
bet,6
auto,8
ord,1
bacaus,1
refriger,6
receipt,3
spring,7
whim,3
amazingli,2
detail,4
artwork,1
school,16
tie,2
ribbon,1
challeng,3
kellogg,15
invit,1
profit,4
banquet,2
50th,1
annerverseri,1
recept,1
hall,2
douw,1
egbert,1
serveic,1
coudl,1
land,5
tighten,1
perfectli,22
35,5
mamma,1
jamma,1
definnantli,1
cantaloup,1
choke,7
hesit,7
scrub,2
nail,1
brush,3
mill,13
chair,1
pictur,23
imposs,8
dishwash,1
mesh,2
seam,2
munchkin,1
feeder,1
suck,6
cloth,2
fyi,1
wed,8
fight,5
hide,7
crunchi,76
b00067ad4u,1
reorder,9
demand,2
caffin,1
zing,2
popchip,97
indulg,6
pancak,47
highest,1
canadian,3
canada,5
baker,4
competit,7
deni,1
lieg,1
waffl,25
gaufr,1
pebbl,1
belgian,1
pearl,4
pretzel,5
seed,12
chouquett,1
puff,2
india,4
spruce,1
wine,19
origin,60
inde,4
concoct,2
exist,3
presto,1
lick,3
lip,7
finger,12
volum,3
apollo,1
california,7
hadn,2
weaver,10
darn,4
prici,4
peet,5
strict,2
retic,1
etho,1
correct,5
zen,1
ahead,13
cafe,3
peru,2
corner,4
averag,11
joe,5
er,2
latin,1
american,17
caramelish,1
fanat,5
roaster,4
team,3
warner,1
combo,7
raison,1
choc,3
subsrcib,1
fianc,3
granola,7
nantucket,5
supris,3
closer,3
mountain,12
b000aqpmha,1
b40,1
elit,2
system,7
b0029xdzik,1
donut,18
brewer,5
frustrat,5
cfh,2
pod,54
largest,3
competitor,2
underwhelm,1
altogth,1
gm,2
mindset,1
pungent,3
carib,1
accumul,1
promot,1
bewer,1
b004i3y4i,1
timothi,1
kona,8
stregnth,1
hearti,3
omelet,1
gosh,2
ketchup,18
sir,2
kensington,2
heinz,4
knew,20
avocado,1
sandwich,27
anni,5
condiment,3
overpr,2
disgustingli,1
marinara,1
chain,2
porcini,2
roland,5
fanci,8
usa,8
estim,2
transit,2
dust,7
gravi,10
china,7
specifi,2
proport,2
meld,2
warehous,7
cocktail,1
cashew,6
vast,1
brittl,2
doubl,11
freezer,4
shrivel,1
3oz,2
sceptic,1
seal,18
tape,4
air,28
tight,8
abt,1
dirti,14
boyfriend,7
walk,4
hungeri,1
swear,1
starvat,2
wiff,1
ham,3
greenbean,1
msg,22
fluffi,13
seltzer,1
arrowhead,2
buttermilk,10
adjust,3
camp,2
tho,2
b002483tsq,1
butternut,2
grade,5
amber,3
pint,1
jug,1
whip,15
malt,8
b001eq4hvc,1
carnat,2
hilton,1
70,6
sevic,1
foolish,1
poorli,5
unseal,1
tear,3
transpar,4
pinot,3
noir,2
vinegar,137
munchi,3
colder,1
sooth,4
chamomil,4
fragranc,1
bigelow,2
pale,3
butterscotch,2
oreo,4
et,1
al,3
santa,2
cruz,2
110,1
sparingli,3
pronounc,3
scour,1
caution,5
grand,3
diagnos,5
entre,4
patti,1
kirkland,4
signatur,2
salmon,6
raincoast,2
trade,13
dent,5
boneless,1
skinless,1
teabag,7
critic,4
sachet,5
100ml,1
lastplac,1
buis,1
web,5
bargain,7
mccormack,1
cakest,2
laugh,4
spinach,4
marmit,3
languag,1
adopt,2
metaphor,2
beckham,1
500g,1
british,1
counti,1
4x,2
england,10
japan,6
vile,1
miser,2
toddler,8
anem,1
sl,1
path,2
bushel,1
dinosaur,1
famou,3
amo,1
pertti,1
depth,3
redilli,1
admittedli,1
unreli,1
kettl,208
f,5
hefti,2
markup,1
nearbi,5
jalapeno,26
build,4
subtli,1
embarrass,3
role,1
vend,10
plump,1
bbq,70
anonym,1
otherwis,20
abov,7
blow,4
print,6
krinkl,4
b0048ifusc,1
fulli,7
bacon,13
guarante,7
dijon,20
tangi,25
pucker,3
aunt,7
trust,7
strongest,2
dous,1
cape,2
cod,2
potassium,15
neighbor,6
rda,1
dairi,8
thai,46
lemongrass,1
duti,2
scissor,12
slit,4
girlfriend,4
presum,1
ny,7
greasi,46
napkin,5
humbl,2
thoroughli,5
tran,28
info,4
subject,7
2oz,6
plate,7
true,23
savori,8
vinegari,4
aggress,1
york,9
smack,1
aspect,2
burnt,12
uneven,1
flaw,1
ruin,9
r,11
wateringli,1
1st,7
chi,1
frito,4
crowd,3
subway,1
clip,3
splendid,1
plung,1
leap,2
feb,1
2011,6
umm,1
grew,3
pig,1
deli,5
barbequ,22
smokey,2
accompani,3
burger,1
brat,1
casual,1
lund,1
beyond,6
inspir,1
archer,1
complic,1
stimul,1
preval,4
profession,2
muncher,2
oili,19
harder,4
resist,3
lantchip,2
group,3
rightli,2
pringl,11
moral,2
dilemma,2
wou,1
treadmil,1
compromis,6
occasion,6
tab,1
sonoma,1
vacat,12
complement,5
cucumb,4
celeri,4
skip,6
oregonian,5
delect,6
microbrew,6
unmistak,5
certifi,13
b000g6mbv4,4
b000g6q4gm,5
annett,5
solomon,10
salem,5
statesman,5
journal,6
wrote,6
semi,6
subdu,6
german,7
riesl,5
paramet,5
mustard,8
coleslaw,2
b000g6mbua,2
obsolet,1
tastiest,5
trademark,1
differenti,1
lesser,3
tim,1
zack,1
hardest,2
knife,5
bsg,1
yogurt,13
crunchier,3
crush,8
vega,2
sooner,1
risk,6
russet,3
tee,1
costco,7
alaska,2
grandchildren,1
rethink,1
browner,2
sturdi,4
elud,1
overcook,7
parmesan,9
sudden,1
spread,9
sens,6
sore,2
lightli,15
unchang,1
convert,3
vitamin,27
obvious,6
tremend,1
vagu,2
cupboard,2
overindulg,2
dynamit,1
iffi,1
lil,3
dislik,4
ruffli,1
ridg,3
thickli,2
spectacular,2
v,5
intellig,1
speci,1
summari,5
sight,1
handili,1
morsel,2
commit,3
mmmmm,1
annoy,3
buffalo,4
bleu,2
chive,2
slot,1
rancid,13
unapp,1
basic,17
affin,1
chalki,1
reassess,1
crinkl,3
tatter,1
hole,13
compl,1
squish,1
voyag,1
disgruntl,1
luckili,5
victim,1
orgasm,1
73,2
stole,2
curv,1
lend,1
station,5
adult,21
300,6
hear,3
yuck,8
realllli,1
boulder,1
potatoey,1
wolf,2
gabriel,1
himself,3
cheesi,1
cheddari,1
trader,4
mindi,1
munch,8
crumbl,8
devour,4
heavenli,3
tongu,7
tang,3
poetic,1
chose,8
hid,2
sake,1
fewer,4
succeed,1
betti,2
dravi,1
2008,1
millennium,1
babe,1
propheci,1
prove,5
strang,9
compel,1
edi,1
breyer,1
faint,1
authent,8
spectrum,3
ruffl,2
crunchiest,1
dentur,1
steer,2
swig,1
whimpi,2
assur,2
2000,1
advantag,7
uniform,2
whitish,1
yellow,10
mail,13
repli,2
sound,14
slip,4
inspect,3
apolog,2
variat,2
coupon,12
instanc,3
privat,1
equiti,1
cutter,1
employ,1
acquir,3
recognit,1
investor,1
exploit,1
buffet,5
saltless,1
backyard,10
promo,1
herr,5
utz,4
quantiti,18
optimum,1
poor,11
core,1
n,12
wipe,2
chippi,1
seig,1
5oz,4
unopen,4
dime,2
rodent,3
needless,6
martin,2
chill,3
nacho,4
tastebud,4
sing,1
janet,1
jackson,1
associ,4
conglomer,1
merchandis,1
barbecu,22
wisdom,1
favourit,3
knit,1
dismay,1
forum,2
withstand,1
edg,3
stonger,1
paprika,4
cayenn,3
safflow,8
sunflow,8
torula,1
yeast,12
citric,3
oleoresin,1
colour,1
ptato,1
othr,1
kindney,1
hurt,3
link,4
cancer,3
amelior,1
kidney,5
lead,4
lemonad,3
teach,1
excercis,1
sensibl,1
scale,5
scrumptiou,2
jalapino,1
necessarili,4
novelti,2
roof,5
uned,2
hyperbol,1
exagger,1
reportedli,1
virtual,9
whatsoev,2
greas,8
saltiest,1
sourest,1
toler,7
difficulti,3
trial,1
pingo,1
argument,1
nostalgia,1
flavvor,1
tuscan,1
drip,2
encount,3
unappet,1
tx,2
ahold,1
heb,2
storebrand,1
bob,9
zapp,1
standpoint,1
jokingli,2
mesquit,2
outback,1
satur,8
defint,1
madhous,1
unhappi,2
ranch,7
fool,1
stain,2
screw,4
hazard,3
game,9
roulett,1
mous,2
porch,1
disgust,7
mousi,1
cholesterol,11
forgot,5
invent,3
lord,2
unto,1
incredul,1
verit,1
cornucopia,1
regiment,1
myriad,1
autism,1
concept,6
afghanistan,1
mission,2
spilt,1
idk,2
airplan,1
crusti,2
soldier,1
nervou,4
june,2
thirti,2
branch,1
waaaay,1
site,18
surviv,1
tact,2
flavori,1
nauseat,1
regret,3
tawni,1
artisan,1
exclus,5
expel,3
monounsatur,1
hydrogen,4
independ,1
presenc,2
detect,5
among,3
costplu,1
opelika,1
tiger,1
mall,5
2007,2
alabama,1
northwestern,1
hoover,1
patton,1
creek,1
center,7
hamburg,6
outdoor,1
word,11
catch,5
aggriev,1
wit,1
1oz,5
oversalt,1
5mg,1
sodium,44
accid,6
degre,6
smile,2
orient,6
everydayforamonth,1
excess,9
rough,4
mark,7
planet,3
held,3
survey,1
against,4
crunci,2
perus,1
dietari,12
inform,20
spicy,2
foray,1
march,1
octob,3
decemb,2
august,2
unfresh,1
carton,7
achiev,1
tomorrow,1
repeat,4
damn,1
warn,8
chipotl,1
aint,1
nothin,1
aggrav,2
creativ,3
attack,2
curl,1
oregon,2
greasier,1
overflow,1
doesnt,1
blot,1
towel,1
tool,1
gogreenmart,1
highlight,2
biodiesel,1
solar,1
panel,3
120,5
000kwh,1
annual,1
offset,2
usag,2
renew,1
credit,2
effort,8
futur,17
rejuven,1
acr,1
wetland,1
construct,2
earn,3
leadership,1
design,18
leed,1
hater,2
trueli,2
kiss,1
beleiv,2
makeout,1
gotta,6
motto,1
obsess,2
percent,5
steam,4
clash,1
backsid,1
spend,8
attitud,2
sadli,3
evapor,1
maltodextrin,7
assum,6
diamond,2
danger,4
rat,2
chedder,2
meali,1
prompt,6
creep,1
0z,1
mellow,6
reluctantli,1
pleasantli,13
zippi,2
slate,1
artif,2
hbp,1
fashion,7
yo,2
inund,1
waistlin,1
sharp,6
implement,1
hungri,9
tough,7
corrug,1
rippl,1
redicul,1
upcom,2
footbal,3
likey,1
vicki,3
imho,3
ado,1
sincer,3
homiedog,1
soybean,5
gmo,8
soy,37
darnit,1
mindlessli,1
minu,4
vastli,1
absens,1
harsh,4
vinag,2
2010,4
moreov,1
thinli,1
interv,1
quicker,1
slower,1
anticip,3
geek,1
amongst,1
teavana,2
guard,1
malva,1
soften,2
refer,6
darjeel,3
ftgfop,1
flush,3
fragrant,2
tao,2
b001eppfgo,1
leaf,12
lifetim,1
canist,5
attach,2
knob,1
biscuit,8
lo,4
shorthair,1
pointer,1
maltes,1
roy,1
desper,2
crate,2
renal,1
failur,2
shrimp,3
vege,2
strait,2
smoki,9
depress,1
weekend,3
zevia,1
lorann,2
gotten,11
sf,1
torani,1
tablespoon,8
mouthfeel,1
potent,4
bavarian,1
detroit,2
vernor,12
ale,8
disappear,4
ideal,5
oak,3
impart,3
redwood,1
san,10
francisco,3
michigan,4
1866,1
gnome,3
spicier,2
39,1
versu,1
33,2
schwepp,1
mega,2
drown,1
barrel,4
anytim,5
remedi,2
region,2
asin,1
b001jk2seg,1
histori,2
imag,1
isbn,2
0738551856,1
0472066978,1
barley,3
madhava,2
agav,17
nectar,13
sift,1
beaten,2
moister,1
applic,1
46,5
fluid,3
32,1
stabl,3
beneft,1
glucos,3
46oz,1
cheeper,1
chai,1
guid,1
primari,3
twang,2
kombucha,5
chemistri,2
circumst,1
homemad,9
subscript,18
2015,1
hormon,4
nutritionist,1
gi,2
wholesal,1
32oz,2
19ish,1
2x46oz,1
3c,1
1c,1
decreas,2
saloon,1
rte,1
entertain,2
sanford,1
fl,1
keith,1
escargot,1
mist,1
tropic,1
convent,3
verson,1
peper,1
oomplet,1
indsid,1
tortilla,16
pico,1
gallo,1
overpoweringli,1
void,2
satisifi,1
assici,1
tad,2
thesedon,1
jersey,2
plocki,17
downsid,2
minim,6
sweetish,1
strongli,2
mexi,1
fie,1
barecu,1
dang,2
sin,2
skimpi,1
750,1
geesh,1
cal,11
verdict,1
mir,1
b000gwko7g,1
discontinu,6
embed,1
el,2
pastor,1
shred,4
etcetera,1
henri,1
diego,1
ca,4
stanki,1
floss,1
hang,4
aruba,2
ct,1
joy,4
palett,1
9oz,1
iraq,2
ummm,1
fuss,3
fanfreakintast,1
ourselv,3
garnish,2
b000gwlugu,2
hometown,1
bethlehem,1
pa,2
north,2
carolina,2
nc,1
nanci,1
walsh,1
seemingli,1
anodyn,1
ranchero,1
thill,1
ky,1
quacomol,1
cip,1
access,4
shelli,1
kenyon,1
tickl,1
unconvent,1
remot,1
avers,2
harmless,1
autolyz,1
monosodium,1
glutam,2
deriv,2
properti,3
acknowledg,1
section,2
florida,4
cushion,2
breakag,1
beliv,2
qualm,1
ace,1
hardwar,1
popular,10
bothersom,1
thi9,1
taiwan,1
boat,1
festiv,2
autumn,2
shortcak,3
tasselfield,1
opt,4
longan,1
23,1
man,6
regardless,3
voltag,1
malcom,1
saudi,1
arabia,1
villag,1
smash,2
publix,4
loaf,2
previous,7
neglect,1
suprem,3
featur,4
babka,3
await,1
indescrib,1
goo,4
equat,1
goop,1
dead,4
sprectrum,1
palm,3
shorten,1
splash,5
cherrybrook,3
overh,1
grayish,1
mad,2
akin,2
elmer,1
glue,5
sicken,1
spoil,7
99c,1
gd,1
crap,4
crocker,1
tacki,1
sickeningli,1
bun,1
cement,1
luxuri,2
forg,2
decor,15
centerpiec,3
ugli,1
colleg,5
financi,1
student,2
3lb,1
approx,1
2338,1
wrapper,10
30lb,1
dum,4
sausag,3
taco,1
turkey,14
weren,13
gristl,1
spoon,16
shrink,1
spam,6
souri,1
copi,1
lakewood,4
upc,1
042608460503,1
240,1
125,2
5g,4
0g,3
0mg,3
370mg,1
25mg,1
28g,3
4g,1
21g,1
omega,5
40mg,2
600mg,1
2400mg,1
calcium,29
b1,1
thiamin,1
b2,1
riboflavin,1
niacin,1
b6,1
folat,1
magnesium,2
zinc,1
phosphor,3
000,1
concord,1
blackberri,2
acerola,2
goji,2
xanthan,2
algin,1
rose,7
hip,2
casein,1
odwalla,1
maxim,1
longev,1
reminisc,2
orac,1
anti,6
oxid,5
benefici,1
noteworthi,1
fighter,1
alzheim,1
dementia,1
inclus,1
albeit,2
btw,2
pervers,1
shall,3
chocolati,2
milki,1
zola,1
samzon,1
nutriti,4
berk,1
maintain,6
integr,2
recycl,5
paperboard,1
support,4
expos,2
equip,2
shell,3
cultur,3
pasteur,1
enzym,2
whey,1
phosphat,1
macaroni,1
mac,4
synthet,3
antibiot,2
250,1
cholest,1
570,1
43,1
tatoo,1
killin,1
spankin,1
bomb,2
diggiti,1
memori,8
peac,2
wateri,4
japanes,15
usukuchi,1
sashimi,1
bluegrass,7
kikoman,4
saltier,1
sushi,2
background,3
kentucki,1
episod,1
discoveri,2
channel,1
teenag,2
east,2
develop,5
handmad,1
win,8
dunk,1
radiat,2
contamin,3
yea,1
replic,1
werther,6
strike,1
budget,4
turbo,1
toilet,1
tmi,1
bowel,4
sumatra,1
mandel,1
bj,1
rival,3
tassimo,7
cuisinart,3
stong,1
14,5
disk,2
negoti,1
bedbath,1
75,5
disc,3
unflavor,3
bolder,3
perplex,2
tassimodirect,1
bat,1
nabob,1
legal,4
disclaim,3
awar,20
flash,1
richest,1
milka,4
whitman,2
noisett,1
alpin,1
eager,4
standalon,1
purpl,1
cow,3
kraft,2
switzerland,1
germani,3
austria,1
hungari,1
increasingli,2
eclect,1
grocer,3
nestl,1
creamier,1
anthoni,1
trendl,1
editor,1
hungarianbookstor,1
haha,3
expen,1
laddoo,1
specialti,4
chutney,1
wrongli,1
gel,1
ferret,2
rabbit,1
evo,3
patienc,1
precis,2
risen,1
fear,2
determin,3
polit,2
rise,1
fortun,3
sourdough,1
peasant,1
disco,1
project,2
stack,1
rope,2
unwind,1
fork,2
tip,6
reus,1
bead,1
9chokign,1
wreath,1
diamet,1
spongebob,3
tall,3
patrick,4
pri,1
wreat,1
chirstma,1
sb,1
holiday,8
gingerbread,13
worthless,2
preschool,2
teacher,2
januari,5
ont,1
overnight,5
nye,1
yesterday,1
rudolph,1
gun,1
row,2
ed,1
speediest,1
locat,4
fragil,4
paint,2
sticker,4
jn,1
invigor,1
punctur,1
wound,1
reviv,1
rot,1
moldi,1
twine,2
prep,2
distinctli,1
roommat,2
norway,1
hors,2
ghirardelli,2
wal,2
mart,2
formerli,1
ukrop,1
surpass,3
poetri,1
moment,5
ghiradelli,4
attempt,2
caramello,4
sublim,2
warren,1
buffett,1
wealth,1
ummmm,1
98,1
polka,1
dot,2
tumbler,1
keeper,2
lightn,1
self,4
liquor,7
event,4
elev,2
aluminum,5
holder,1
unawar,2
cordial,1
nicer,1
supieror,1
trident,2
spearmint,1
sugarless,1
stringi,1
remark,5
flintston,1
extraordinari,4
diminish,2
shelv,4
yahoo,1
deem,1
assert,1
gustibu,1
disputandem,1
est,1
halfway,2
squeaki,1
forgiv,1
squeak,1
dietet,1
gut,1
odorless,1
bedpost,1
cocker,10
spaniel,7
belov,1
nyc,2
discharg,1
rule,1
canin,2
appoint,1
petsmart,2
signific,4
paw,1
shed,4
7yr,1
yorki,2
sept,2
2012,8
bi,1
monthli,4
shock,6
hike,2
41,1
aug,1
25lb,1
20th,1
53,1
94,2
goug,3
specul,1
cavashon,1
moos,2
mickey,2
50lb,2
weekli,2
honeyvil,2
enrich,1
lactat,1
encourag,3
cadburi,4
uk,3
zealand,2
australia,2
hotel,7
tourist,1
artichok,1
beckon,1
yunnan,6
earthier,2
unfurl,3
ahhh,1
b001ell9x6,1
numi,6
protect,6
child,9
habitu,2
aromat,2
floweri,1
keemun,1
extol,1
insipid,1
oversteep,1
stevia,69
wimp,1
malti,2
theri,1
da,4
butteri,3
walnut,8
ms,1
pistachio,2
domin,1
chemist,1
spectrophotomet,1
advert,1
indigest,1
alkalin,1
ph,1
dig,2
unexpectedli,1
address,5
sack,1
commonplac,1
liner,3
closur,1
spoilag,1
repackag,1
thom,1
missouri,1
funni,10
looooov,1
pocki,25
lucki,2
couldnt,3
anywho,2
sad,6
partial,5
didnt,5
purchs,2
refridger,1
suffic,1
graham,1
closest,5
analog,1
nitti,1
gritti,3
cleverli,1
fold,1
hassl,2
properli,3
210,3
80mg,1
sheanut,1
facil,2
disclosur,1
duh,1
oneanoth,1
heatproof,1
freakishli,1
veryasia,1
mi,2
goreng,2
boggl,1
asia,3
glanc,1
html,1
ie,3
utf8,2
isamazonfulfil,1
orderid,1
103,1
7071944,1
5595443,1
marketplacesel,1
a3jw437i54sei1,1
oct,1
inquir,1
restock,2
ish,1
thailand,2
aka,1
clutter,1
upload,1
grad,1
manga,3
biscuiti,1
cone,1
charm,2
choco,1
prone,1
bing,2
splurg,2
scarf,1
nibbl,4
scout,1
seventi,1
footag,1
tate,1
comic,2
stupidli,1
t_t,1
insan,4
youtub,1
qualifi,3
award,2
interior,2
occupi,1
inferior,3
quarter,1
allergen,6
cluster,1
kernel,2
gerbil,1
restrict,2
threw,14
extens,1
infant,9
unfortn,1
bummer,2
chewy,1
decis,2
disappiont,1
carmel,1
loco,2
unpalat,1
dens,3
6mo,1
fa,2
breastf,1
drastic,1
alter,3
breast,4
heft,1
tote,1
diaper,2
strand,1
outweigh,1
reduct,1
roam,1
honesti,1
norm,1
gf,3
aspart,1
intoler,5
resum,1
semblanc,1
former,1
playground,1
chalk,2
tan,1
scoop,5
coach,1
progress,2
neanderth,1
era,1
trash,9
compactor,1
ill,3
pete,1
marri,1
displeas,2
pavilion,2
cann,1
sponsor,1
boom,1
jasmin,5
jewel,5
central,2
amaranth,1
teapot,1
seep,2
deduct,2
3rd,5
convers,2
fallen,1
winner,2
member,3
lotion,1
rub,2
sheet,4
lentil,11
forc,5
canola,5
apricot,4
starter,2
mechan,5
zucchini,5
runni,8
grabbi,1
foremost,1
poster,1
notifi,2
bpa,3
doorstop,1
runnier,4
eb,1
dash,4
constip,1
suppositori,1
sippi,1
enter,2
yadda,3
truth,1
mere,2
enthusiasm,2
veg,2
triplet,1
eventh,1
ick,1
nephew,2
niec,2
workabl,1
consistli,1
tonight,2
appal,1
poison,2
angri,1
advanc,1
overdu,1
enthusiast,2
mixtur,3
2nd,9
spongi,1
mush,4
yellowish,1
deeper,1
gobbl,7
gerber,2
object,2
poke,1
furri,2
gazillion,1
broccoli,3
outgrow,2
understood,2
unfinish,1
stretchi,1
shatter,1
dine,3
tuscani,1
nobodi,2
rins,1
bin,2
lazi,3
dharana,1
facorit,1
sassafra,10
granddad,1
ohio,2
wood,1
sassafrass,2
tree,8
bark,1
breezi,1
pappi,2
shut,1
investig,1
rootbeer,2
kim,1
elementari,1
cure,5
hive,2
um,2
grandmoth,6
april,1
stretch,1
panang,6
curri,7
highway,1
robberi,2
09,1
heap,1
omg,3
degust,1
mistak,6
disgutingli,1
sofla,1
southern,5
influenc,1
pioneer,4
liciou,1
mc,1
cormick,1
ect,2
phenomen,2
bisquick,3
bisquit,1
lobster,1
watercress,1
scrambl,1
lickin,1
mmmmmmm,2
homestyl,1
mash,1
unhealthi,11
farmer,2
assumpt,1
math,1
184,1
27,4
114,1
236,1
69,2
tax,2
228,2
302,1
maker,10
dorm,1
studi,3
folger,3
laps,1
coffeemak,1
expert,3
yeck,1
street,1
economi,1
thanx,1
factor,2
matcha,5
purport,1
rooibo,3
friti,1
muddi,2
viscos,1
penni,5
superior,8
poland,1
driver,1
listn,1
radio,1
creater,1
interview,1
potluck,1
liketo,1
restur,2
burrito,2
diner,1
brows,2
habenaro,1
progess,1
thei,1
homegrown,1
accolad,1
chef,5
habenero,3
dude,2
mailbox,1
ain,3
wing,1
squirt,1
jalap,4
ntild,4
os,1
sorbat,1
convinc,2
beg,3
chihuhua,1
doggi,8
zuke,1
chihuahua,1
bu,1
circl,2
shaker,3
perfum,1
truffl,6
shadi,1
propylen,1
glycol,1
antifreez,1
vanillin,1
anal,1
beaver,1
premiumchocolati,1
ingredient_info,1
php,1
ive,3
deer,2
jerki,5
sinu,2
redund,1
skillet,2
cavend,2
tbl,1
h2o,1
mueslix,13
afraid,9
muesli,10
kellog,3
pluse,1
minus,1
spray,4
extend,1
hfc,5
owe,1
familia,1
dorset,1
plunk,1
incident,1
looney,1
piti,2
greatli,2
princess,2
imit,2
cornflak,1
rapid,1
muselix,1
b001e6kbsk,1
purchac,1
frm,1
jamaica,1
assist,1
ceral,3
struggl,1
burden,1
resourc,1
22,1
ingl,1
detriment,1
disturbingli,1
genet,5
modifi,6
prolong,1
topic,1
debat,1
obes,1
hypertens,1
liver,14
mercuri,2
exposur,1
bran,1
applaud,1
monsanto,1
coloni,1
collaps,1
disord,1
vanish,1
dramat,2
rib,3
smoker,1
12lb,1
somebodi,1
ident,3
jeremiah,1
michael,3
marshal,1
ck,1
rainbow,4
dp,1
b00375lao0,1
ref,1
sr_1_1,1
garden,1
qid,1
1300131716,1
sr,1
pasti,1
manila,3
coco,4
rank,2
painless,1
unadulter,3
machineri,1
virginflo,1
thermo,1
moistur,2
induc,1
solvent,1
bleach,1
deodor,1
ferment,3
sustain,3
170,1
celsiu,1
blah,4
offend,3
nutiva,3
scari,3
horrifi,1
ami,1
ps,3
fruitcak,1
anybodi,2
intoller,1
eve,7
smoothest,2
stashtea,1
baubl,1
hostess,1
frazzl,1
releav,1
brisk,1
cozi,1
riba,2
houston,2
lard,1
refri,2
dalla,1
verd,1
starburst,2
skittl,1
walker,6
shortbread,8
highland,5
b001gcvlxg,2
lunchbag,1
useless,4
feedback,4
trulli,1
cube,15
perruch,3
terroir,1
grown,7
african,1
swaziland,1
congo,1
denser,1
scientif,3
perspect,1
accomplish,2
irregularli,1
sturdier,2
darker,1
rug,2
3x,1
inabl,1
cornstarch,4
prolif,1
rumford,3
satisfact,4
sulfat,3
tblsp,1
potenti,3
stone,1
pose,1
materi,3
reli,1
sole,1
tout,2
princip,1
incorrect,1
februari,2
plaster,2
pari,1
stiff,1
sediment,1
pyrex,1
damp,1
bday,1
wafer,1
steamrol,1
junior,1
copycat,1
sleev,2
eleg,3
hight,1
divis,1
del,1
mont,1
neat,2
photograph,1
smallish,1
unmix,1
evi,1
piper,1
cring,1
heartili,2
rachel,1
ray,15
oblig,1
whom,1
hime,1
ban,3
cha,3
forti,2
ceremoni,1
slender,1
syracus,2
camper,1
genmai,1
g2,3
replenish,2
inch,8
45lb,1
spat,1
lettuc,1
button,2
donat,3
societi,2
reflect,1
shi,2
tzu,2
carpet,1
partner,1
mandarin,4
silk,5
silver,4
needl,2
mistakenli,1
bundl,1
dispos,2
jay,1
uncl,14
west,3
track,3
recogn,1
adequ,2
courtesi,1
anecdot,1
intent,1
primarili,1
dill,2
59,1
knockoff,1
zesti,1
dilli,1
flight,1
interestingli,1
grandpar,1
montreal,1
ayear,1
dutch,4
ebay,1
dull,1
ketchupi,1
vinigari,1
quest,4
confess,1
saver,2
sneak,2
reluct,2
unknown,1
appli,2
encrust,1
grit,2
ia,1
wavi,3
barbqu,1
roadsid,2
03,1
5th,1
deflat,1
leftov,7
ocean,2
potti,1
minor,2
inconveni,2
americolor,1
sheen,5
airbrush,1
quot,3
wikipedia,1
translat,1
pyramid,2
nylon,1
indistinct,1
adject,1
border,1
lyche,6
osmanthu,3
divin,1
nasal,1
abat,1
dispel,1
innov,3
character,1
ether,1
marriag,1
blossom,1
celebr,1
prompti,1
bribe,1
lane,1
invoic,1
incorrectli,1
jolokia,1
men,2
board,2
frequenc,1
mr,1
renfro,1
sphincter,1
37,1
acustom,1
devot,1
cheapo,2
rifl,1
offens,2
patient,2
foster,1
pickey,2
gather,3
optim,1
feral,1
trap,1
neuter,1
spay,1
releas,1
handicap,1
wrestl,2
unload,1
meow,1
friski,1
9live,1
lolli,1
essenc,5
net,2
glycerin,2
examin,1
brick,2
unus,1
bust,3
elig,2
defect,1
icecream,1
lite,2
protien,1
leather,1
exterior,3
peter,1
robert,1
boi,1
written,4
cindi,1
2366,1
mortifi,1
punish,1
squirrel,2
opossum,1
raccoon,1
declin,1
broadway,2
st,4
caught,1
frame,1
promis,2
b004134h9w,1
trend,2
timefram,1
exquisit,2
tazo,1
tetley,1
sux,1
nine,1
20lb,1
unscrupul,1
collector,1
shamelessli,1
conscienc,2
anis,3
embark,1
journey,1
everlast,1
katj,1
constant,2
modest,1
loui,2
bissing,2
sicki,1
overton,2
catalog,1
toll,2
abil,3
headquart,1
56,2
2lb,1
freze,1
outdat,1
voic,1
heirloom,1
stepfath,2
dictat,1
bionatura,1
rounder,1
arent,1
reciev,1
lollipop,31
wizard,1
deceiv,1
diment,1
x2,1
differnet,1
vase,2
debacl,1
48,3
rewrap,2
spiral,1
costum,4
bent,2
candyland,1
drab,1
unbear,2
outrag,4
text,1
repuls,2
vivid,1
lolipop,1
uncrack,1
circu,1
surround,2
compliment,3
cuter,1
program,5
dixi,2
atkin,1
frankli,3
surprisingli,2
wierd,1
dippin,1
fiesta,1
sunday,2
brazil,2
spoke,2
portugues,3
fluentli,1
brazilian,2
yoki,1
samba,1
lieu,1
anyonr,1
inexpens,5
270,1
explos,1
foil,2
ohama,1
bombard,1
card,2
129,1
styro,2
vacuum,2
butcher,2
puck,2
crocket,1
au,3
gratin,2
nevertheless,2
payment,1
premier,1
toaster,4
tore,1
350,1
underneath,1
trace,1
rariti,1
42,1
drv,1
3gram,1
hash,1
400,1
globb,1
gigant,2
tater,1
tot,1
heck,4
poultri,1
unimpress,1
attract,3
ma,1
transact,1
outburst,1
tempt,5
temptat,2
ing,3
molten,1
lava,1
infin,1
max,3
5000,2
foodstuff,1
plant,5
radiu,1
stroke,1
paral,1
agent,3
prickli,5
pear,5
arizona,2
remaind,1
compon,3
undetect,1
slicker,1
revers,1
window,3
surfac,1
screen,1
monitor,1
decal,2
rockstar,1
holi,2
grail,1
gradual,1
anxieti,1
disphoria,1
redlin,1
illeg,1
nuff,1
15oz,1
7oz,1
block,1
backpack,3
iv,1
pillsburi,1
sag,1
slide,1
tweak,2
crab,6
lump,3
crabmeat,1
satisfatori,1
ala,1
triffl,1
customari,1
trifl,7
bird,8
longish,1
lamin,1
sherri,1
unreal,1
brit,1
hell,1
sthg,1
holland,1
correctli,2
snuff,1
ireland,1
biryani,3
caveat,2
ghee,2
detach,2
tripl,2
slightest,1
congest,1
shortli,4
thereaft,1
flung,1
chao,1
crisi,1
unexpect,1
physic,1
daytim,1
simmer,1
licoris,1
benson,1
az,1
epilept,1
seizur,1
muck,1
reward,6
incent,2
repertoir,1
command,1
silli,1
kong,1
freez,8
obey,1
dug,2
behavior,1
luci,1
daisi,2
minimum,2
bulli,1
biscoti,1
54,2
keen,1
woof,1
cruchi,1
thorough,2
statu,1
accur,2
crouton,1
bait,1
conform,1
fussi,6
hierarchi,1
ohman,1
oop,1
iican,1
sorta,2
pub,1
golf,1
12oz,1
advers,1
abid,1
ager,1
nonetheless,1
adjunct,1
underst,1
shine,3
76,2
tastey,4
jostl,1
redskin,1
punctuat,1
spanish,3
upstat,1
humid,1
castellana,1
beet,1
squid,1
ink,2
natural,1
turmer,1
cresent,1
moon,1
celtic,1
rosemari,3
chee,1
1g,9
10g,1
7g,1
42g,1
carbo,1
privileg,1
saute,1
ooh,1
aahhh,1
marshmallow,1
wax,1
cacao,29
ecuador,2
saaqin,1
halaleveryday,3
grr,1
cocao,1
commod,1
ecuadorian,1
criollo,2
saquin,4
unavail,1
underhand,1
nib,3
halal,2
interchang,1
liberti,1
auspic,1
seek,3
ecolog,1
social,1
impact,2
wishi,1
washi,1
sneaki,1
besti,1
kudo,2
foodi,4
neo,1
paleo,1
protocol,1
groovi,1
theobroma,1
whisk,2
sorghum,6
scant,2
maca,2
yumm,2
babysit,1
bioavail,1
seratonin,1
receptor,1
fuzzi,1
proper,1
unsulfur,1
homogen,1
lara,1
vitamix,1
ghirad,1
strvia,1
yummmm,1
bona,1
fide,1
mono,3
tonal,1
intox,1
tannin,1
mahogani,1
dimension,1
unifi,1
amplifi,1
procyanidin,1
inhibit,1
densiti,3
lipoprotein,2
ldl,2
atherogenesi,1
model,1
plasma,1
hdl,1
endeavor,1
fuller,1
richer,1
destin,1
graciou,1
unmark,1
symbol,1
modern,1
mediocr,1
snap,4
lar,1
yearn,1
forbidden,1
bubblegum,1
doggon,1
dental,1
drese,1
bone,6
thanksgiv,1
b000odry9i,1
fatful,1
doc,1
strictli,1
inspit,1
awe,1
alik,2
dressingnow,1
mule,1
argo,1
almondi,1
chocolatey,1
curt,1
bugger,1
valentin,1
tictac,1
tu,1
millet,1
alerg,1
lean,2
toward,3
nutti,1
flax,2
spike,2
insulin,3
retain,1
cosmet,1
sclerosi,1
nunatur,10
fooder,1
depriv,2
nustevia,17
93,1
unnecessarili,1
dilut,2
accustom,3
tbsp,3
160mg,4
2500mg,1
64mg,1
tinea,1
versicolor,1
milkshak,1
cottag,1
swanson,1
goodby,1
rebecca,1
queri,1
b001ell3u0,1
stevita,1
healthfood,1
shrug,1
elimin,2
bio,1
caregiv,1
limead,1
2tbsp,1
truvia,1
ticket,3
gnc,1
aftertas,1
chart,1
fave,1
nu,1
linda,1
blyth,1
virgil,1
dexter,1
absent,1
venetian,1
spa,3
ordinarili,1
unsaf,1
bagel,3
scallion,2
caviar,14
bank,1
lumpfish,2
roe,1
rotten,4
ined,1
dye,1
maximum,2
involv,2
soooooo,1
cavier,1
seawe,2
transfat,1
radic,1
fla,1
vor,1
costa,11
rica,11
arabica,1
vintag,1
britt,8
contrapt,1
coffie,1
supposedli,2
144,1
misprint,1
meh,2
luster,4
aspen,1
groom,1
artist,1
paintbrush,1
startlingli,1
contrast,1
realist,2
1933981350,1
dynam,1
strategi,1
gild,2
renaiss,1
vodka,3
filigre,1
client,1
prop,1
hormel,7
compleat,11
analysi,1
chickeni,1
sauci,2
middlin,1
cookin,1
swim,1
utter,1
enorm,2
horrid,2
overshadow,1
boyarde,2
starchi,1
portray,2
pierc,1
belli,3
soul,1
deviat,1
versit,1
havent,1
rving,1
drawer,6
enviro,1
deliou,1
boloni,1
sp,1
libbi,1
carot,1
recreat,1
greek,2
mayonnais,1
crudit,1
mcdougal,8
cauliflow,1
pad,1
unprofit,1
entr,1
eacut,1
es,1
peanutti,3
attend,1
crusad,1
hunger,2
pang,1
lunchfood,1
identifi,1
workday,1
squash,1
twig,1
snif,1
tamari,1
220,1
indefinit,1
bouyarde,1
chun,2
udon,1
280,1
lt,1
bend,1
graphic,1
tar,1
postal,1
shoe,1
luggag,1
mmmm,1
delish,1
marzano,5
unparallel,1
cento,3
ripest,1
sm,2
volcan,1
soil,1
affili,1
margherita,1
pizza,2
caputo,1
liek,1
visual,1
jsut,1
prospect,2
namast,1
reveal,1
sanitari,1
easter,1
recommand,1
gimbal,1
collect,1
klefj,1
lskejfewl,1
lsfjewldf,1
poo,1
stinki,3
stool,1
dd,1
vinci,1
isnt,1
fragment,1
sun,3
ue,1
meati,2
born,2
guidelin,2
dha,11
ara,7
dave,1
academi,2
pediatr,3
milligram,3
140,1
phosphoru,7
135,1
committe,1
handbook,1
1245,1
1246,1
enfamil,1
nextstep,1
util,1
yolk,7
phospholipid,2
elicit,1
ensu,1
consult,2
healthcar,1
trout,1
nori,1
insur,1
toxin,2
linol,1
linolen,1
legum,1
ingest,2
ovomucoid,1
ovalbumin,1
ovotransferrin,1
lysozym,1
ovomucin,1
literatur,1
inhal,1
syndrom,2
pollen,2
western,1
ragwe,1
goosefoot,1
weed,1
eggesbo,1
botten,1
halvorsen,1
magnu,1
popul,1
403,1
lori,1
alimentum,1
hypoallergen,1
enfamel,1
googl,3
seper,1
med,1
vit,1
b001bm4jlc,1
lactos,6
pediatrician,2
suitabl,1
whilst,2
consider,1
similac,8
similiac,1
gassi,2
intuit,1
breastmilk,2
neocat,1
coliti,1
accident,1
fulfil,2
criteria,1
breastmillk,1
feather,1
amt,1
jealou,1
unsati,1
outcom,1
battl,2
midway,1
pesto,1
satiat,1
miracl,1
pickiest,1
parm,1
enjoyedjth,1
penn,1
senseo,9
baronet,8
horrend,1
melitta,1
yuk,1
b000ubh9y,1
decaffein,1
b0043xylaa,1
hamilton,1
confid,3
carl,1
elat,1
fudg,3
piss,1
seriou,1
accommod,1
martha,4
wah,1
convect,1
2013,1
purhcas,1
marth,1
lopsid,1
humor,1
perman,1
tweek,1
housewif,1
beliz,1
prepackag,1
quicki,1
takeout,3
substanc,1
monger,1
fourth,2
reclos,1
tai,1
distinguish,1
stride,1
gilligan,1
island,2
alley,1
purifi,1
spillag,1
unbroken,1
lunchtim,1
tj,1
awkward,1
4oz,1
thia,1
yummier,1
cocunut,1
server,1
potpourri,1
unusu,1
hibiscu,1
resort,1
washington,1
likewis,1
pricier,3
24oz,1
zon,1
chinatown,1
harmoni,27
graze,1
elix,1
orderd,1
psst,1
pooch,1
subsequ,1
inoper,1
tumor,1
needlessli,1
steriod,1
prescrib,1
soapbox,1
spunki,1
coon,1
hound,2
bounc,1
wall,1
laid,1
slept,1
porti,2
wallet,1
outgo,1
astound,2
articl,1
bene,1
uninterest,1
bout,1
inflammatori,2
canaan,2
septemb,1
verifi,2
wire,1
shihtzu,1
fromm,1
rash,2
castor,1
pollux,1
flare,1
pancrea,1
forbid,1
harmon,2
proactiv,1
pile,1
tail,1
dogadvisor,1
welcom,1
hippi,1
bell,1
doxi,1
nugget,1
wheaten,2
whine,1
connor,1
urina,1
dachshund,1
shih,1
shelti,1
movement,1
16lb,1
josh,2
8yr,1
wegman,3
eri,1
doodl,2
dachuhund,1
cognit,1
function,1
glossi,1
autom,1
rural,2
flaki,1
disatifi,1
searchomg,1
meadow,1
boxer,2
avid,2
conclud,1
shelter,1
15lb,1
alaskan,1
huski,2
healthili,1
paus,1
hannaford,1
31,1
id,1
ww,5
lotta,1
score,1
solo,1
noisi,1
theater,1
attest,2
push,1
pt,1
paramsan,1
muncho,10
singlularli,1
goodl,1
b001rvfdoo,3
referenc,1
steven,1
baldwin,3
ocassion,1
basement,1
exert,2
aboulut,1
marathon,1
magazin,3
defeat,1
crunchahol,1
band,2
q,1
dream,1
ventur,1
fingernail,1
godbless,1
refil,1
bf,1
recomend,2
holic,2
dwindl,1
reoccur,1
pirat,2
booti,2
payoff,1
faux,1
shard,3
yester,1
woo,1
hoo,1
bash,1
yourselv,1
snacker,2
jillian,1
proof,2
consensu,1
measli,1
chemical,1
airi,3
thess,1
reall,1
colorado,1
coast,1
nick,1
multipack,1
snacki,2
swap,2
caloriecount,1
jalepemo,1
grandson,2
becar,1
trish,1
kowalski,1
highi,1
dorito,4
disregard,1
upscal,1
sourcream,1
variti,1
difer,1
ftw,1
staci,1
pita,1
crisper,1
mainten,1
fenc,3
deic,1
bqq,2
eww,1
blink,2
residu,1
dieter,2
bulg,1
mar,1
forcefe,1
coin,1
puffi,2
rind,1
snackwel,1
inclin,1
reader,2
pregnant,1
consciou,1
breakdown,2
3g,8
poli,2
180mg,2
15g,2
vouch,1
weightwatch,1
breaksdown,1
stephen,1
alec,1
expo,1
anaheim,1
pricc,1
instantan,1
suprisingli,1
offici,1
ounch,1
kof,1
parev,1
seat,2
luv,1
fairfield,1
idaho,1
viki,1
crabtre,1
pepperi,1
chipahol,1
midday,1
hybrid,1
icki,1
tats,1
tulsa,1
oprah,2
wantn,1
definitli,1
toung,1
parmessan,2
knock,1
susten,1
copiou,1
tuber,1
tide,1
glove,1
compart,1
plethora,1
asset,1
extrud,1
possess,1
135mg,1
160,1
92,1
44,1
72,1
fluctuat,2
microscop,1
buzz,1
remors,1
bestest,1
doorstep,1
jean,1
roth,1
for4,1
regima,1
que,1
hype,2
sill,1
conclus,1
undecid,1
shudder,1
bleh,1
hoopla,1
cabinet,2
uneaten,1
realiti,2
quell,1
89,1
supern,1
100cal,1
dv,1
curio,1
230,1
ampl,1
aesthet,1
airpocket,1
23g,1
16g,1
280mg,1
20g,2
210mg,2
230mg,2
22g,1
b003tvdhio,1
smart,1
cheeto,5
rold,1
192,1
wayyyyyi,1
wayyyi,1
sh,1
clerk,1
mat,1
aloof,1
unpop,2
funki,1
pore,1
yummm,1
ewwwwww,1
veriti,1
regim,1
multi,2
plywood,1
synonym,1
chariti,1
fund,1
ripoff,1
shouldn,2
craze,1
enemi,2
phrase,1
apo,1
reship,1
flimsi,1
umami,1
fav,2
laden,1
fledg,1
clock,1
smother,1
glow,1
55,1
sock,1
cheat,1
suto,1
sub,1
yourelf,1
vita,1
stellar,1
teh,1
vinger,1
dope,1
freshman,1
blocker,1
overdid,1
ricecak,1
perfor,2
driven,1
whirl,1
monotoni,1
fraction,3
whew,1
relief,1
ween,1
rep,1
acclimat,1
succumb,1
disagre,1
vice,1
versa,1
calor,1
containt,1
seasalt,1
100x,1
deploy,1
chedderi,1
fate,1
wasabi,2
funyun,1
roster,1
geniu,1
cap,1
prettier,1
leakag,1
prob,1
plug,4
grip,1
forefing,1
shield,1
aspargu,1
progresso,1
disaster,1
slosh,1
prepara,4
rap,1
capsul,1
music,1
cd,1
mayo,1
holdingdown,1
fabric,1
bushi,1
consequ,1
mop,1
leaki,1
wilt,1
thyme,4
gadget,1
precursor,1
execut,1
refrain,1
stem,1
height,1
spear,1
tricki,1
enpti,1
corrod,1
nativ,1
forest,1
ascertain,1
addendum,1
immacul,1
reliev,1
disapoint,1
dentist,1
undergo,1
treatment,1
painkil,1
sheesh,1
foreign,1
papaya,2
granddaught,1
peach,5
martini,13
sue,1
vibrant,1
reorderd,1
boscoli,3
25oz,1
lactic,1
goos,1
administ,1
uncontrol,1
iodid,1
exit,1
b001kyoen,1
b0029jtzlk,1
atleast,1
joke,1
wolfgang,1
bzzagent,2
richli,1
chewabl,1
ware,1
stonewal,3
farmhous,2
foami,1
rob,2
jemima,3
dominick,1
forgett,1
nicc,1
recepi,1
alton,1
biggest,1
compot,1
consit,1
gormet,1
downgrad,1
bnecaus,1
entic,1
yield,1
banish,1
recess,1
immens,1
prematur,1
robbi,1
wayyyyyyyyyi,1
ugh,1
pertain,1
eggnog,5
unsweeten,2
fals,1
excus,1
rasberri,1
urologist,1
yuban,2
lager,1
sesmark,1
mmmmmmmm,1
astronaut,2
permit,1
ziplock,2
straw,3
swift,1
andthey,1
gentri,1
entitl,1
accordingli,1
17g,2
estract,1
citrict,1
disodium,2
guanyl,1
inosin,1
70mg,1
110mg,1
overpay,1
compens,1
puddl,1
constanc,1
satay,1
